{
  "variants": {
    "": [
      {
      "model": "minecraft:block/purple_wool"
      },
      {
      "model": "minecraft:block/purple_wool_alt0"
      },
      {
      "model": "minecraft:block/purple_wool_alt1"
      },
      {
      "model": "minecraft:block/purple_wool_alt2"
      },
      {
      "model": "minecraft:block/purple_wool_alt3"
      },
      {
      "model": "minecraft:block/purple_wool_alt4"
      },
      {
      "model": "minecraft:block/purple_wool_alt5"
      },
      {
      "model": "minecraft:block/purple_wool_alt6"
      },
      {
      "model": "minecraft:block/purple_wool_alt7"
      }
    ]
  }
}